Item No, Topic
1, Business
1A, Risk Factors
1B, Unresolved Staff Comments
2, Properties
3, Legal Proceedings 
4, Mine Safety Disclosures
5, Market for Registrant's Common Equity Related Stockholder Matters and Issuer Purchases of Equity Securities
6, Selected Financial Data
7, Management's Discussion and Analysis of Financial Condition and Results of Operations
7A, Quantitative and Qualitative Disclosures About Market Risk
8, Financial Statements and Supplementary Data
9, Changes in and Disagreements with Accountants on Accounting and Financial Disclosure
9A, Controls and Procedures
9B, Oher Information
10, Directors Executive Officers and Corporate Governance
11, Executive Compensation
12, Security Ownership of Certain Beneficial Owners and Management and Related Stockholder Matters
13, Certain Relationships and Related Transactions and Director Independence
14, Principal Accounting Fees and Services
15, Exhibits Financial Statement Schedules